Tip Matrice,Nr threads,Timp executie
,4,3.6462403
,2,2.2200296
,2,2.25987
,2,2.3354401
,2,2.2735401
,2,2.43464
,2,0.1867801
,2,40.5236202
,2,2056.6309101
,2,41.4441802
,4,65.4511002
,8,163.8447098
,16,155.0395902
,8,136.1591606
,2,1056.71761
,4,573.24574
,8,517.0512997
,16,562.0601498
,16,372.4812205
